[{
	"name": "Happy Birthday", 
	"notes": [
		{ "note":"D", "keyboard": "s"},
		{ "note":"D1", "keyboard":"b"},
		{ "note":"E", "keyboard":"d"},
		{ "note":"G", "keyboard":"g"},
		{ "note":"F", "keyboard":"f"},
		{ "note":"D1","keyboard":"b"},
		{ "note":"D", "keyboard": "s"},
		{ "note":"E1", "keyboard": "y"},
		{ "note":"D", "keyboard": "s"},
		{ "note":"A", "keyboard":"h"}, 
		{ "note":"G", "keyboard":"g"},
		{ "note":"D1", "keyboard":"b"},
		{ "note":"D", "keyboard": "s"},
		{ "note":"D", "keyboard": "s"},
		{ "note":"B", "keyboard":"j"},
		{ "note":"A", "keyboard":"h"}, 
		{ "note":"G", "keyboard":"g"},
		{ "note":"F", "keyboard":"f"},
		{ "note":"C1", "keyboard":"k"},
		{ "note":"C", "keyboard":"a"},
		{ "note":"B", "keyboard":"j"},
		{ "note":"G", "keyboard":"g"},
		{ "note":"A", "keyboard":"h"}, 
		{ "note":"G", "keyboard":"g"},
		{ "note":"", "keyboard":""}
	]
}, {
	"name": "The Entertainer", 
	"notes": [
		{"note":"D", "keyboard":"s"},
{"note":"D#", "keyboard":"w"},
{"note":"E", "keyboard":"d"},
{"note":"C", "keyboard":"a"},
{"note":"E", "keyboard":"d"},
{"note":"C", "keyboard":"a"},
{"note":"E", "keyboard":"d"},
{"note":"C", "keyboard":"a"},
{"note":"C", "keyboard":"a"},
{"note":"C#", "keyboard":"q"},
{"note":"D", "keyboard":"s"},
{"note":"E", "keyboard":"d"},
{"note":"C", "keyboard":"a"},
{"note":"D", "keyboard":"s"},
{"note":"E", "keyboard":"d"},
{"note":"B", "keyboard":"j"},
{"note":"D", "keyboard":"s"},
{"note":"C", "keyboard":"a"},
{"note":"D", "keyboard":"s"},
{"note":"D#", "keyboard":"w"},
{"note":"E", "keyboard":"d"},
{"note":"C", "keyboard":"a"},
{"note":"E", "keyboard":"d"},
{"note":"C", "keyboard":"a"},
{"note":"E", "keyboard":"d"},
{"note":"C", "keyboard":"a"},
{"note":"C", "keyboard":"a"},
{"note":"B", "keyboard":"j"},
{"note":"B", "keyboard":"j"},
{"note":"A", "keyboard":"h"},
{"note":"C", "keyboard":"a"},
{"note":"D", "keyboard":"s"},
{"note":"E", "keyboard":"d"},
{"note":"D", "keyboard":"s"},
{"note":"C", "keyboard":"a"},
{"note":"A", "keyboard":"h"},
{"note":"D", "keyboard":"s"},
{"note":"D", "keyboard":"s"},
{"note":"D#", "keyboard":"w"},
{"note":"E", "keyboard":"d"},
{"note":"C", "keyboard":"a"},
{"note":"E", "keyboard":"d"},
{"note":"C", "keyboard":"a"},
{"note":"E", "keyboard":"d"},
{"note":"C", "keyboard":"a"},
{"note":"C", "keyboard":"a"},
{"note":"C#", "keyboard":"q"},
{"note":"D", "keyboard":"s"},
{"note":"E", "keyboard":"d"},
{"note":"C", "keyboard":"a"},
{"note":"D", "keyboard":"s"},
{"note":"E", "keyboard":"d"},
{"note":"B", "keyboard":"j"},
{"note":"D", "keyboard":"s"},
{"note":"C", "keyboard":"a"},
{"note":"C", "keyboard":"a"},
{"note":"D", "keyboard":"s"},
{"note":"E", "keyboard":"d"},
{"note":"C", "keyboard":"a"},
{"note":"D", "keyboard":"s"},
{"note":"E", "keyboard":"d"},
{"note":"C", "keyboard":"a"},
{"note":"D", "keyboard":"s"},
{"note":"C", "keyboard":"a"},
{"note":"E", "keyboard":"d"},
{"note":"C", "keyboard":"a"},
{"note":"D", "keyboard":"s"},
{"note":"E", "keyboard":"d"},
{"note":"C", "keyboard":"a"},
{"note":"D", "keyboard":"s"},
{"note":"C", "keyboard":"a"},
{"note":"E", "keyboard":"d"},
{"note":"C", "keyboard":"a"},
{"note":"D", "keyboard":"s"},
{"note":"E", "keyboard":"d"},
{"note":"B", "keyboard":"j"},
{"note":"D", "keyboard":"s"},
{"note":"C", "keyboard":"a"}
	]
}]
